omega,alpha,beta,energy,sigma,distance
0.15,0.98,0.13,0.7033741,0,0
0.15,0.98,0.13,0.70336807,0.0073742962,5.4054091
