omega,alpha,beta,energy,sigma,distance
0.05,0.95,0.09,0.28267408,0,0
0.05,0.95,0.09,0.28267012,0.0048710797,10.474151
