omega,kinetic_energy,potential_energy
0.01,0.0149858,0.0150142
0.5,0.748726,0.751274
1,1.50046,1.49954
5,7.48834,7.51166
0.01,0.00676252,0.0868418
0.5,0.750358,1.31405
1,1.32081,2.45244
5,7.49616,9.28532
0.01,-0.0426384,0.0579104
0.5,0.690614,1.28699
1,1.17501,2.57573
5,6.73574,9.98447
