omega,kinetic_energy,potential_energy
0.01,-0.0646981,0.0946981
0.5,0.186092,1.31391
1,0.702191,2.29781
5,5.72683,9.27316
0.01,0.00675194,0.0868665
0.5,0.749306,1.31463
1,1.31899,2.4538
5,7.50022,9.28385
0.01,0.00393009,0.0696685
0.5,0.691107,1.28665
1,1.17383,2.57719
5,6.72813,9.99203
