omega,kinetic_energy,potential_energy
0.01,0.03,0
0.5,1.5,0
1,3,0
5,15,0
0.01,0.0935261,0
0.5,2.04151,0
1,3.77138,0
5,16.7858,0
0.01,0.0896048,0
0.5,2.0096,0
1,3.7504,0
5,16.72,0
