temperature,matrix_size,steps,energy_total,energySquared_total,magnetic_total,magneticSquared_total,magneticAbsolute_total
1,20,99000000,-798.86159,638189.22,399.70936,159768.2,399.70936
2.4,20,99000000,-494.77034,248040.05,-3.3901849,41540.261,181.89919
1,20,99000000,-798.86297,638191.41,399.71001,159768.72,399.71001
2.4,20,99000000,-494.60517,247883.85,-2.7121374,40900.855,179.65422
1,20,99000000,-798.85397,638177.19,-399.70763,159766.83,399.70763
2.4,20,99000000,-494.73018,247987.66,-0.096102,41455.66,181.88405
1,200,99000000,-78096.555,1.8051706e+09,11865.461,1.4494407e+08,11865.461
2.4,200,99000000,-48290.184,-1.96247e+09,-278.59864,5912010.3,1874.2909
